01062025234448, 1111, "Top Secret Twenty One - Janet Evanovich", 8.99, 3, 0.00, 26.97, June 01,2025, 11:44:48 PM, EDT

01062025234809, 1111, "Top Secret Twenty One - Janet Evanovich", 8.99, 3, 0.00, 26.97, June 01,2025, 11:48:09 PM, EDT
01062025234809, 14, "Stanley #3 Philips Screwdriver", 6.95, 3, 0.00, 20.85, June 01,2025, 11:48:09 PM, EDT

01062025235134, 67YX22, "DTM Calendar for 2025", 14.95, 2, 0.00, 29.90, June 01,2025, 11:51:34 PM, EDT
01062025235134, 228865, "3M Super 33+ electrical tape", 3.50, 3, 0.00, 10.50, June 01,2025, 11:51:34 PM, EDT
01062025235134, 29741, "Plush teddy bear 8 inch", 24.00, 3, 0.00, 72.00, June 01,2025, 11:51:34 PM, EDT
01062025235134, 582913, "Look Keo 2 Max pedals", 135.00, 4, 0.00, 540.00, June 01,2025, 11:51:34 PM, EDT

01062025235157, 89476, "Assos T-Evo shorts", 299.95, 2, 0.00, 599.90, June 01,2025, 11:51:57 PM, EDT
01062025235157, 245667, "Colnago jersey - size 6", 120.00, 1, 0.00, 120.00, June 01,2025, 11:51:57 PM, EDT

01062025235210, 1111, "Top Secret Twenty One - Janet Evanovich", 8.99, 3, 0.00, 26.97, June 01,2025, 11:52:10 PM, EDT